{
  "Los Angeles": "Los Angeles",
   "San Diego": "San Diego",
   "Orange": "Orange County",
   "San Bernardino": "San Bernardino",
   "Santa Clara": "Santa Clara",
   "Alameda": "Alameda",
   "Riverside": "Riverside",
   "Sacramento": "Sacramento",
   "Fresno": "Fresno",
   "Contra Costa": "Contra Costa",
   "Kern": "Kern County",
   "San Joaquin": "San Joaquin",
   "San Mateo": "San Mateo",
   "Tulare": "Tulare",
   "Sonoma": "Sonoma",
   "Ventura": "Ventura",
   "Stanislaus": "Stanislaus",
   "San Francisco": "San Francisco",
   "Santa Barbara": "Santa Barbara",
   "Monterey": "Monterey",
   "Shasta": "Shasta",
   "Humboldt": "Humboldt",
   "Marin": "Marin",
   "Placer": "Placer",
   "Merced": "Merced",
   "Butte": "Butte",
   "Solano": "Solano",
   "Santa Cruz": "Santa Cruz",
   "Mendocino": "Mendocino",
   "San Luis Obispo": "San Luis Obispo",
   "Madera": "Madera",
   "Siskiyou": "Siskiyou",
   "Nevada": "Nevada County",
   "El Dorado": "El Dorado",
   "Imperial": "Imperial",
   "Kings": "Kings County",
   "Yolo": "Yolo",
   "Napa": "Napa",
   "Tehama": "Tehama",
   "Glenn": "Glenn",
   "Yuba": "Yuba",
   "Sutter": "Sutter",
   "Tuolumne": "Tuolumne",
   "Lake": "Lake County",
   "Lassen": "Lassen",
   "Inyo": "Inyo",
   "Trinity": "Trinity",
   "San Benito": "San Benito",
   "Calaveras": "Calaveras",
   "Mono": "Mono",
   "Amador": "Amador",
   "Modoc": "Modoc",
   "Colusa": "Colusa",
   "Mariposa": "Mariposa",
   "Plumas": "Plumas",
   "Del Norte": "Del Norte",
   "Sierra": "Sierra",
   "Alpine": "Alpine"
}